id,title,length,width,height,created_at,updated_at
1,ARMS,82,1654,1170,2019/9/6 19:30,2019/9/6 19:30
2,AisazuNihaIrarenai,95,1654,1170,2019/9/6 19:30,2019/9/6 19:30
3,AkkeraKanjinchou,93,1654,1170,2019/9/6 19:31,2019/9/6 19:31
4,Akuhamu,82,1654,1170,2019/9/6 19:31,2019/9/6 19:31
5,AosugiruHaru,106,1654,1170,2019/9/6 19:31,2019/9/6 19:31
6,AppareKappore,98,1654,1170,2019/9/6 19:31,2019/9/6 19:31
7,Arisa,98,1654,1170,2019/9/6 19:31,2019/9/6 19:31
8,BEMADER_P,115,1654,1170,2019/9/6 19:32,2019/9/6 19:32
9,BakuretsuKungFuGirl,98,1654,1170,2019/9/6 19:32,2019/9/6 19:32
10,Belmondo,100,1654,1170,2019/9/6 19:32,2019/9/6 19:32
11,BokuHaSitatakaKun,100,1654,1170,2019/9/6 19:32,2019/9/6 19:32
12,BurariTessenTorimonocho,113,1654,1170,2019/9/6 19:33,2019/9/6 19:33
13,ByebyeC-BOY,95,1654,1170,2019/9/6 19:33,2019/9/6 19:33
14,Count3DeKimeteAgeru,100,1654,1170,2019/9/6 19:33,2019/9/6 19:33
15,DollGun,97,1654,1170,2019/9/6 19:33,2019/9/6 19:33
16,Donburakokko,90,1654,1170,2019/9/6 19:34,2019/9/6 19:34
17,DualJustice,100,1654,1170,2019/9/6 19:34,2019/9/6 19:34
18,EienNoWith,125,1654,1170,2019/9/6 19:34,2019/9/6 19:34
19,EvaLady,109,1654,1170,2019/9/6 19:34,2019/9/6 19:34
20,EverydayOsakanaChan,86,1654,1170,2019/9/6 19:34,2019/9/6 19:34
21,GOOD_KISS_Ver2,95,1654,1170,2019/9/6 19:34,2019/9/6 19:34
22,GakuenNoise,99,1654,1170,2019/9/6 19:35,2019/9/6 19:35
23,GarakutayaManta,103,1654,1170,2019/9/6 19:35,2019/9/6 19:35
24,GinNoChimera,103,1654,1170,2019/9/6 19:35,2019/9/6 19:35
25,Hamlet,185,1654,1170,2019/9/6 19:35,2019/9/6 19:35
26,HanzaiKousyouninMinegishiEitarou,100,1654,1170,2019/9/6 19:36,2019/9/6 19:36
27,HaruichibanNoFukukoro,97,1654,1170,2019/9/6 19:36,2019/9/6 19:36
28,HarukaRefrain,99,1654,1170,2019/9/6 19:36,2019/9/6 19:36
29,HealingPlanet,95,1654,1170,2019/9/6 19:36,2019/9/6 19:36
30,HeiseiJimen,111,1654,1170,2019/9/6 19:37,2019/9/6 19:37
31,HighschoolKimengumi_vol01,99,1654,1170,2019/9/6 19:37,2019/9/6 19:37
32,HighschoolKimengumi_vol20,94,1654,1170,2019/9/6 19:37,2019/9/6 19:37
33,HinagikuKenzan,89,1654,1170,2019/9/6 19:38,2019/9/6 19:38
34,HisokaReturns,90,1654,1170,2019/9/6 19:38,2019/9/6 19:38
35,JangiriPonpon,110,1654,1170,2019/9/6 19:38,2019/9/6 19:38
36,JijiBabaFight,73,1654,1170,2019/9/6 19:38,2019/9/6 19:38
37,Joouari,97,1654,1170,2019/9/6 19:39,2019/9/6 19:39
38,Jyovolley,93,1654,1170,2019/9/6 19:39,2019/9/6 19:39
39,KarappoHighschool,121,1654,1170,2019/9/6 19:39,2019/9/6 19:39
40,KimiHaBokuNoTaiyouDa,111,1654,1170,2019/9/6 19:40,2019/9/6 19:40
41,KoukouNoHitotachi,67,1654,1170,2019/9/6 19:40,2019/9/6 19:40
42,KuroidoGanka,101,1654,1170,2019/9/6 19:40,2019/9/6 19:40
43,KyokugenCyclone,58,1654,1170,2019/9/6 19:40,2019/9/6 19:40
44,LancelotFullThrottle,97,1654,1170,2019/9/6 19:41,2019/9/6 19:41
45,LoveHina_vol01,97,1654,1170,2019/9/6 19:41,2019/9/6 19:41
46,LoveHina_vol14,97,1654,1170,2019/9/6 19:41,2019/9/6 19:41
47,MAD_STONE,96,1654,1170,2019/9/6 19:41,2019/9/6 19:41
48,MadouTaiga,84,1654,1170,2019/9/6 19:42,2019/9/6 19:42
49,MagicStarGakuin,82,1654,1170,2019/9/6 19:42,2019/9/6 19:42
50,MagicianLoad,88,1654,1170,2019/9/6 19:42,2019/9/6 19:42
51,MariaSamaNihaNaisyo,97,1654,1170,2019/9/6 19:42,2019/9/6 19:42
52,MayaNoAkaiKutsu,90,1654,1170,2019/9/6 19:42,2019/9/6 19:42
53,MemorySeijin,101,1654,1170,2019/9/6 19:42,2019/9/25 14:41
54,MeteoSanStrikeDesu,114,1654,1170,2019/9/6 19:43,2019/9/6 19:43
55,MiraiSan,107,1654,1170,2019/9/6 19:43,2019/9/6 19:43
56,MisutenaideDaisy,111,1654,1170,2019/9/6 19:43,2019/9/6 19:43
57,MoeruOnisan_vol01,92,1654,1170,2019/9/6 19:43,2019/9/6 19:43
58,MoeruOnisan_vol19,99,1654,1170,2019/9/6 19:44,2019/9/6 19:44
59,MomoyamaHaikagura,51,1654,1170,2019/9/6 19:44,2019/9/6 19:44
60,MukoukizuNoChonbo,63,1654,1170,2019/9/6 19:44,2019/9/6 19:44
61,MutekiBoukenSyakuma,93,1654,1170,2019/9/6 19:44,2019/9/6 19:44
62,Nekodama,117,1654,1170,2019/9/6 19:45,2019/9/6 19:45
63,NichijouSoup,102,1654,1170,2019/9/6 19:45,2019/9/6 19:45
64,Ningyoushi,95,1654,1170,2019/9/6 19:45,2019/9/6 19:45
65,OL_Lunch,67,1654,1170,2019/9/6 19:45,2019/9/6 19:45
66,OhWareraRettouSeitokai,96,1654,1170,2019/9/6 19:45,2019/9/6 19:45
67,PLANET7,99,1654,1170,2019/9/6 19:46,2019/9/6 19:46
68,ParaisoRoad,105,1654,1170,2019/9/6 19:46,2019/9/6 19:46
69,PikaruGenkiDesu,93,1654,1170,2019/9/6 19:46,2019/9/6 19:46
70,PlatinumJungle,86,1654,1170,2019/9/6 19:46,2019/9/6 19:46
71,PrayerHaNemurenai,98,2960,2164,2019/9/6 19:46,2019/9/6 19:46
72,PrismHeart,92,1654,1170,2019/9/6 19:47,2019/9/6 19:47
73,PsychoStaff,91,1654,1170,2019/9/6 19:47,2019/9/6 19:47
74,Raphael,117,1654,1170,2019/9/6 19:47,2019/9/6 19:47
75,ReveryEarth,100,1654,1170,2019/9/6 19:47,2019/9/6 19:47
76,RinToSiteSippuNoNaka,152,1654,1170,2019/9/6 19:48,2019/9/6 19:48
77,RisingGirl,121,1654,1170,2019/9/6 19:48,2019/9/6 19:48
78,Saisoku,100,1654,1170,2019/9/6 19:48,2019/9/6 19:48
79,SaladDays_vol01,91,1654,1170,2019/9/6 19:48,2019/9/6 19:48
80,SaladDays_vol18,95,1654,1170,2019/9/6 19:48,2019/9/6 19:48
81,SamayoeruSyonenNiJunaiWo,89,1654,1170,2019/9/6 19:49,2019/9/6 19:49
82,SeisinkiVulnus,100,1654,1170,2019/9/6 19:49,2019/9/6 19:49
83,ShimatteIkouze_vol01,108,1654,1170,2019/9/6 19:49,2019/9/6 19:49
84,ShimatteIkouze_vol26,112,1654,1170,2019/9/6 19:50,2019/9/6 19:50
85,SonokiDeABC,99,1654,1170,2019/9/6 19:50,2019/9/6 19:50
86,SyabondamaKieta,94,1654,1170,2019/9/6 19:50,2019/9/6 19:50
87,TaiyouNiSmash,91,1654,1170,2019/9/6 19:50,2019/9/6 19:50
88,TapkunNoTanteisitsu,107,1654,1170,2019/9/6 19:51,2019/9/6 19:51
89,TasogareTsushin,98,1654,1170,2019/9/6 19:51,2019/9/6 19:51
90,TennenSenshiG,89,1654,1170,2019/9/6 19:51,2019/9/6 19:51
91,TensiNoHaneToAkumaNoShippo,91,1654,1170,2019/9/6 19:51,2019/9/6 19:51
92,TetsuSan,40,1654,1170,2019/9/6 19:51,2019/9/6 19:51
93,That'sIzumiko,127,1654,1170,2019/9/6 19:52,2019/9/6 19:52
94,TotteokiNoABC,94,1654,1170,2019/9/6 19:52,2019/9/6 19:52
95,ToutaMairimasu,109,1654,1170,2019/9/6 19:52,2019/9/6 19:52
96,TouyouKidan,133,1654,1170,2019/9/6 19:52,2019/9/6 19:52
97,TsubasaNoKioku,97,1654,1170,2019/9/6 19:53,2019/9/6 19:53
98,UchiNoNyan'sDiary,82,1654,1170,2019/9/6 19:53,2019/9/6 19:53
99,UchuKigekiM774,83,1654,1170,2019/9/6 19:53,2019/9/6 19:53
100,UltraEleven,113,1654,1170,2019/9/6 19:53,2019/9/6 19:53
101,UnbalanceTokyo,88,1654,1170,2019/9/6 19:54,2019/9/6 19:54
102,WarewareHaOniDearu,96,1654,1170,2019/9/6 19:54,2019/9/6 19:54
103,YamatoNoHane,114,1654,1170,2019/9/6 19:54,2019/9/6 19:54
104,YasasiiAkuma,94,1654,1170,2019/9/6 19:54,2019/9/6 19:54
105,YouchienBoueigumi,27,1654,1170,2019/9/6 19:55,2019/9/6 19:55
106,YoumaKourin,107,1654,1170,2019/9/6 19:55,2019/9/6 19:55
107,YukiNoFuruMachi,95,1654,1170,2019/9/6 19:55,2019/9/6 19:55
108,YumeNoKayoiji,97,1654,1170,2019/9/6 19:55,2019/9/6 19:55
109,YumeiroCooking,96,1654,1170,2019/9/6 19:55,2019/9/6 19:55
