id,user_id,book_id,total_tasks,is_completed,created_at,updated_at
1,3,26,1715,1,2019/11/19 13:31,2019/11/19 15:38
2,2,62,1351,1,2019/11/19 13:31,2019/11/20 23:05
3,4,18,1753,1,2019/11/19 14:02,2019/11/19 19:34
4,3,33,940,1,2019/11/19 14:04,2019/12/12 23:34
5,4,57,2167,1,2019/11/19 19:35,2019/11/21 19:59
7,1,1,1062,0,2019/11/20 17:17,2019/12/4 11:47
8,1,2,1474,1,2019/11/20 17:17,2019/12/6 18:46
9,1,3,1340,0,2019/11/20 17:17,2019/12/12 23:48
10,1,4,1461,0,2019/11/20 17:17,2019/12/12 23:48
11,1,5,1361,0,2019/11/20 17:17,2019/11/20 17:17
12,1,6,1246,0,2019/11/20 17:17,2019/11/20 17:17
13,1,7,1391,0,2019/11/20 17:17,2019/11/20 17:17
14,1,8,1449,0,2019/11/20 17:17,2019/11/20 17:17
15,1,9,2189,0,2019/11/20 17:17,2019/11/20 17:17
16,1,10,1347,1,2019/11/20 17:17,2019/12/8 23:38
17,1,11,2264,0,2019/11/20 17:17,2019/11/20 17:17
18,1,12,1654,0,2019/11/20 17:17,2019/11/20 17:17
19,1,13,1439,0,2019/11/20 17:17,2019/11/20 17:17
20,1,14,1228,0,2019/11/20 17:17,2019/11/20 17:17
21,1,15,1289,0,2019/11/20 17:17,2019/11/20 17:17
22,1,16,935,0,2019/11/20 17:17,2019/11/20 17:17
23,1,17,869,0,2019/11/20 17:17,2019/11/20 17:17
24,1,18,1753,0,2019/11/20 17:17,2019/11/20 17:17
25,1,19,1506,0,2019/11/20 17:17,2019/11/20 17:17
26,1,20,1904,0,2019/11/20 17:17,2019/11/20 17:17
27,1,21,1549,0,2019/11/20 17:17,2019/11/20 17:17
28,1,22,1350,0,2019/11/20 17:17,2019/11/20 17:17
29,1,23,1148,0,2019/11/20 17:17,2019/11/20 17:17
30,1,24,823,0,2019/11/20 17:17,2019/11/20 17:17
31,1,25,2748,0,2019/11/20 17:17,2019/11/20 17:17
32,1,26,1715,0,2019/11/20 17:17,2019/11/20 17:17
33,1,27,1468,0,2019/11/20 17:17,2019/11/20 17:17
34,1,28,1148,0,2019/11/20 17:17,2019/11/20 17:17
35,1,29,997,0,2019/11/20 17:17,2019/11/20 17:17
36,1,30,1202,0,2019/11/20 17:17,2019/11/20 17:17
37,1,31,1864,0,2019/11/20 17:17,2019/11/20 17:17
38,1,32,1827,0,2019/11/20 17:17,2019/11/20 17:17
39,1,33,940,0,2019/11/20 17:17,2019/11/20 17:17
40,1,34,1163,0,2019/11/20 17:17,2019/11/20 17:17
41,1,35,1351,0,2019/11/20 17:17,2019/11/20 17:17
42,1,36,1541,0,2019/11/20 17:17,2019/11/20 17:17
43,1,37,1168,0,2019/11/20 17:17,2019/11/20 17:17
44,1,38,889,0,2019/11/20 17:17,2019/12/4 11:00
45,1,39,1274,0,2019/11/20 17:17,2019/11/20 17:17
46,1,40,1397,0,2019/11/20 17:17,2019/11/20 17:17
47,1,41,2423,0,2019/11/20 17:17,2019/11/20 17:17
48,1,42,1226,0,2019/11/20 17:17,2019/11/20 17:17
49,1,43,768,0,2019/11/20 17:17,2019/11/20 17:17
50,1,44,1672,0,2019/11/20 17:17,2019/11/20 17:17
51,1,45,1811,0,2019/11/20 17:17,2019/11/20 17:17
52,1,46,1895,0,2019/11/20 17:17,2019/11/20 17:17
53,1,47,605,0,2019/11/20 17:17,2019/11/20 17:17
54,1,48,716,0,2019/11/20 17:17,2019/11/20 17:17
55,1,49,1376,0,2019/11/20 17:17,2019/11/20 17:17
56,1,50,907,0,2019/11/20 17:17,2019/11/20 17:17
57,1,51,1485,0,2019/11/20 17:17,2019/11/20 17:17
58,1,52,1046,0,2019/11/20 17:17,2019/11/20 17:17
59,1,53,1184,0,2019/11/20 17:17,2019/11/20 17:17
60,1,54,1169,0,2019/11/20 17:17,2019/11/20 17:17
61,1,55,1380,0,2019/11/20 17:17,2019/11/20 17:17
62,1,56,2052,0,2019/11/20 17:17,2019/11/20 17:17
63,1,57,2167,0,2019/11/20 17:17,2019/11/20 17:17
64,1,58,2245,0,2019/11/20 17:17,2019/11/20 17:17
65,1,59,710,0,2019/11/20 17:17,2019/11/20 17:17
66,1,60,1065,0,2019/11/20 17:17,2019/11/20 17:17
67,1,61,1227,0,2019/11/20 17:17,2019/11/20 17:17
68,1,62,1351,0,2019/11/20 17:17,2019/11/20 17:17
69,1,63,1665,0,2019/11/20 17:17,2019/11/20 17:17
70,1,64,963,0,2019/11/20 17:17,2019/11/20 17:17
71,1,65,1809,0,2019/11/20 17:17,2019/11/20 17:17
72,1,66,1330,0,2019/11/20 17:17,2019/11/20 17:17
73,1,67,1549,0,2019/11/20 17:17,2019/11/20 17:17
74,1,68,1437,0,2019/11/20 17:17,2019/11/20 17:17
75,1,69,1034,0,2019/11/20 17:17,2019/11/20 17:17
76,1,70,921,0,2019/11/20 17:17,2019/11/20 17:17
77,1,71,1181,0,2019/11/20 17:17,2019/11/20 17:17
78,1,72,1407,0,2019/11/20 17:17,2019/11/20 17:17
79,1,73,1115,0,2019/11/20 17:17,2019/11/20 17:17
80,1,74,1704,0,2019/11/20 17:17,2019/11/20 17:17
81,1,75,1280,0,2019/11/20 17:17,2019/11/20 17:17
82,1,76,1547,0,2019/11/20 17:17,2019/11/20 17:17
83,1,77,1596,0,2019/11/20 17:17,2019/11/20 17:17
84,1,78,1164,0,2019/11/20 17:17,2019/11/20 17:17
85,1,79,1323,0,2019/11/20 17:17,2019/11/20 17:17
86,1,80,1288,0,2019/11/20 17:17,2019/11/20 17:17
87,1,81,852,0,2019/11/20 17:17,2019/11/20 17:17
88,1,82,956,0,2019/11/20 17:17,2019/11/20 17:17
89,1,83,1753,0,2019/11/20 17:17,2019/11/20 17:17
90,1,84,1453,0,2019/11/20 17:17,2019/11/20 17:17
91,1,85,1164,0,2019/11/20 17:17,2019/11/20 17:17
92,1,86,1079,0,2019/11/20 17:17,2019/11/20 17:17
93,1,87,921,0,2019/11/20 17:17,2019/11/20 17:17
94,1,88,1337,0,2019/11/20 17:17,2019/11/20 17:17
95,1,89,1175,0,2019/11/20 17:17,2019/11/20 17:17
96,1,90,1541,0,2019/11/20 17:17,2019/11/20 17:17
97,1,91,1144,0,2019/11/20 17:17,2019/11/20 17:17
98,1,92,1179,1,2019/11/20 17:17,2019/12/9 0:52
99,1,93,1364,0,2019/11/20 17:17,2019/11/20 17:17
100,1,94,1534,0,2019/11/20 17:17,2019/11/20 17:17
101,1,95,988,0,2019/11/20 17:17,2019/11/20 17:17
102,1,96,1394,0,2019/11/20 17:17,2019/11/20 17:17
103,1,97,1000,0,2019/11/20 17:17,2019/11/20 17:17
104,1,98,1213,0,2019/11/20 17:17,2019/11/20 17:17
105,1,99,1813,0,2019/11/20 17:17,2019/11/20 17:17
106,1,100,1458,0,2019/11/20 17:17,2019/11/20 17:17
107,1,101,1347,0,2019/11/20 17:17,2019/11/20 17:17
108,1,102,1150,0,2019/11/20 17:17,2019/11/20 17:17
109,1,103,1016,1,2019/11/20 17:17,2019/12/6 19:27
110,1,104,1590,0,2019/11/20 17:17,2019/11/20 17:17
111,1,105,851,0,2019/11/20 17:17,2019/11/20 17:17
112,1,106,1198,0,2019/11/20 17:17,2019/11/20 17:17
113,1,107,1665,0,2019/11/20 17:17,2019/11/20 17:17
114,1,108,913,0,2019/11/20 17:17,2019/11/20 17:17
115,1,109,1354,0,2019/11/20 17:17,2019/11/20 17:17
134,2,41,2423,3,2019/11/20 23:05,2019/12/13 13:15
136,6,69,1034,1,2019/11/21 17:00,2019/11/23 14:20
137,6,63,1665,3,2019/11/23 14:20,2019/12/13 13:15
138,11,7,1391,1,2019/11/28 16:25,2019/12/4 19:22
139,13,25,2748,1,2019/11/28 16:25,2019/11/29 22:55
140,14,87,921,3,2019/11/28 16:25,2019/12/13 13:15
141,12,103,1016,1,2019/11/28 16:25,2019/12/1 0:30
142,18,91,1144,1,2019/11/28 16:25,2019/12/2 12:47
143,9,93,1364,3,2019/11/28 16:25,2019/12/13 13:15
144,20,44,1672,3,2019/11/28 16:25,2019/12/13 13:15
145,4,3,1340,1,2019/11/28 16:25,2019/11/29 23:05
146,26,35,1351,1,2019/11/28 16:25,2019/11/29 14:38
147,27,47,605,3,2019/11/28 16:25,2019/12/13 13:15
148,16,109,1354,1,2019/11/28 16:26,2019/11/29 15:10
149,29,80,1288,1,2019/11/28 16:26,2019/12/1 0:37
150,23,71,1181,3,2019/11/28 16:26,2019/12/13 13:15
151,22,73,1115,3,2019/11/28 16:26,2019/12/13 13:15
152,17,74,1704,1,2019/11/28 16:27,2019/11/29 18:20
153,15,98,1213,1,2019/11/28 16:28,2019/11/28 20:21
154,10,61,1227,1,2019/11/28 16:28,2019/11/30 20:31
155,19,23,1148,3,2019/11/28 16:29,2019/12/13 13:15
156,25,52,1046,3,2019/11/28 16:30,2019/12/13 13:15
157,30,66,1330,3,2019/11/28 16:33,2019/12/13 13:15
158,21,48,716,3,2019/11/28 16:33,2019/12/13 13:15
159,24,1,1062,3,2019/11/28 16:33,2019/12/13 13:15
160,28,28,1148,3,2019/11/28 16:35,2019/12/13 13:15
161,15,89,1175,1,2019/11/28 20:21,2019/12/3 0:55
162,26,99,1813,1,2019/11/29 14:38,2019/11/30 2:25
163,16,14,1228,1,2019/11/29 15:11,2019/11/29 16:11
164,31,50,907,0,2019/11/29 16:08,2019/12/24 16:15
165,13,9,2189,1,2019/11/29 22:55,2019/12/3 0:07
166,4,21,1549,1,2019/11/29 23:05,2019/11/30 2:33
167,16,51,1485,1,2019/11/30 1:41,2019/11/30 16:55
168,26,72,1407,1,2019/11/30 2:25,2019/12/2 10:54
169,4,32,1827,1,2019/11/30 2:34,2019/12/2 0:14
170,16,81,852,1,2019/11/30 16:55,2019/12/2 19:30
171,12,13,1439,1,2019/12/1 0:30,2019/12/3 13:42
172,29,94,1534,1,2019/12/1 0:37,2019/12/18 23:59
175,10,100,1458,1,2019/12/1 19:54,2019/12/3 17:39
176,26,84,1453,1,2019/12/2 10:54,2019/12/2 14:09
177,26,19,1506,1,2019/12/2 14:09,2019/12/4 13:20
179,16,30,1202,1,2019/12/2 19:30,2019/12/3 1:26
180,13,24,823,1,2019/12/3 0:07,2019/12/3 0:48
181,13,65,1809,1,2019/12/3 0:49,2019/12/3 23:15
182,15,20,1904,1,2019/12/3 0:55,2019/12/3 3:23
183,16,38,889,1,2019/12/3 1:26,2019/12/3 2:33
184,4,79,1323,1,2019/12/3 1:41,2019/12/3 2:36
185,16,68,1437,1,2019/12/3 2:33,2019/12/3 13:37
186,4,49,1376,1,2019/12/3 2:36,2019/12/3 19:05
187,15,16,935,1,2019/12/3 3:23,2019/12/3 18:43
188,16,67,1549,1,2019/12/3 13:37,2019/12/3 16:17
189,12,54,1169,1,2019/12/3 13:43,2019/12/3 18:38
190,32,22,1350,3,2019/12/3 13:59,2019/12/13 13:15
191,33,97,1000,1,2019/12/3 14:26,2019/12/3 18:29
196,16,78,1164,1,2019/12/3 16:17,2019/12/3 19:09
199,10,95,988,1,2019/12/3 17:39,2019/12/4 18:58
200,33,5,1361,1,2019/12/3 18:30,2019/12/3 19:32
201,12,104,1590,1,2019/12/3 18:38,2019/12/3 23:44
202,15,4,1461,1,2019/12/3 18:44,2019/12/4 0:01
203,34,70,921,1,2019/12/3 19:05,2019/12/3 20:35
204,4,40,1397,1,2019/12/3 19:05,2019/12/4 14:33
205,16,17,869,1,2019/12/3 19:09,2019/12/4 16:01
206,33,107,1665,1,2019/12/3 19:32,2019/12/3 20:59
210,34,82,956,1,2019/12/3 20:35,2019/12/4 23:27
211,33,75,1280,1,2019/12/3 21:00,2019/12/3 23:32
212,13,85,1164,1,2019/12/3 23:15,2019/12/4 12:53
213,33,59,710,1,2019/12/3 23:32,2019/12/4 0:56
214,12,37,1168,1,2019/12/3 23:44,2019/12/10 13:10
215,15,56,2052,1,2019/12/4 0:01,2019/12/4 23:05
216,33,39,1274,1,2019/12/4 0:56,2019/12/4 1:39
217,33,42,1226,1,2019/12/4 1:42,2019/12/5 22:20
219,12,15,1289,3,2019/12/4 12:34,2019/12/13 13:15
220,12,46,1895,1,2019/12/4 12:35,2019/12/10 15:39
221,13,90,1541,1,2019/12/4 12:53,2019/12/7 15:18
222,13,58,2245,1,2019/12/4 12:54,2019/12/13 6:52
223,13,101,1347,3,2019/12/4 12:54,2019/12/13 13:15
224,26,8,1449,3,2019/12/4 13:20,2019/12/13 13:15
225,35,31,1864,1,2019/12/4 13:49,2019/12/5 14:48
226,36,29,997,1,2019/12/4 14:28,2019/12/9 3:43
227,4,76,1547,1,2019/12/4 14:34,2019/12/4 16:42
228,37,55,1380,1,2019/12/4 15:01,2019/12/5 23:53
229,38,102,1150,1,2019/12/4 15:34,2019/12/4 16:34
230,16,96,1394,1,2019/12/4 16:01,2019/12/4 22:40
231,16,83,1753,1,2019/12/4 16:01,2019/12/5 11:13
232,16,2,1474,1,2019/12/4 16:01,2019/12/5 14:42
233,38,64,963,1,2019/12/4 16:34,2019/12/5 16:29
234,38,105,851,1,2019/12/4 16:34,2019/12/4 17:13
235,38,77,1596,1,2019/12/4 16:34,2019/12/11 19:15
236,39,6,1246,1,2019/12/4 16:40,2019/12/4 17:38
237,39,60,1065,1,2019/12/4 16:40,2019/12/4 18:05
238,39,36,1541,1,2019/12/4 16:41,2019/12/5 14:30
239,4,53,1184,1,2019/12/4 16:42,2019/12/4 22:12
240,38,34,1163,1,2019/12/4 17:13,2019/12/5 21:54
241,39,86,1079,1,2019/12/4 17:38,2019/12/4 20:49
242,39,108,913,1,2019/12/4 18:05,2019/12/5 22:02
243,10,11,2264,1,2019/12/4 18:36,2019/12/5 15:38
244,23,45,1811,3,2019/12/4 18:47,2019/12/13 13:15
245,23,88,1337,3,2019/12/4 18:47,2019/12/13 13:15
246,10,106,1198,1,2019/12/4 18:58,2019/12/5 15:30
247,40,12,1654,1,2019/12/4 20:20,2019/12/4 22:46
248,40,43,768,1,2019/12/4 20:20,2019/12/5 21:51
249,39,10,1347,1,2019/12/4 20:50,2019/12/4 21:42
250,4,92,1179,1,2019/12/4 21:24,2019/12/5 20:50
251,4,27,1468,1,2019/12/4 21:24,2019/12/8 1:23
252,39,100,1458,1,2019/12/4 21:42,2019/12/5 0:40
253,4,106,1198,1,2019/12/4 22:12,2019/12/8 21:12
254,16,97,1000,1,2019/12/4 22:40,2019/12/7 18:37
255,40,14,1228,1,2019/12/4 22:52,2019/12/9 23:44
256,40,58,2245,1,2019/12/4 22:54,2019/12/8 23:11
257,15,68,1437,1,2019/12/4 23:05,2019/12/5 3:32
258,34,46,1895,1,2019/12/4 23:28,2019/12/5 3:30
259,39,84,1453,1,2019/12/5 0:40,2019/12/5 16:59
260,10,48,716,3,2019/12/5 1:02,2019/12/13 13:15
261,41,87,921,3,2019/12/5 1:49,2019/12/13 13:15
262,41,49,1376,1,2019/12/5 2:49,2019/12/5 14:56
263,34,60,1065,1,2019/12/5 3:30,2019/12/5 10:13
264,15,11,2264,1,2019/12/5 3:32,2019/12/10 0:07
265,34,51,1485,1,2019/12/5 10:13,2019/12/7 19:35
266,16,10,1347,1,2019/12/5 11:13,2019/12/7 21:38
267,42,77,1596,3,2019/12/5 12:03,2019/12/13 13:15
268,43,83,1753,1,2019/12/5 14:11,2019/12/5 15:50
269,39,38,889,1,2019/12/5 14:30,2019/12/11 22:47
270,44,23,1148,1,2019/12/5 14:32,2019/12/5 15:44
271,16,59,710,1,2019/12/5 14:42,2019/12/7 22:14
272,35,2,1474,1,2019/12/5 14:48,2019/12/5 17:10
273,41,17,869,1,2019/12/5 14:56,2019/12/5 18:11
274,41,74,1704,1,2019/12/5 14:56,2019/12/5 19:24
275,10,25,2748,3,2019/12/5 15:31,2019/12/13 13:15
276,10,27,1468,3,2019/12/5 15:38,2019/12/13 13:15
277,44,67,1549,1,2019/12/5 15:49,2019/12/5 18:15
278,45,26,1715,3,2019/12/5 15:56,2019/12/13 13:15
279,43,90,1541,3,2019/12/5 16:26,2019/12/13 13:15
280,38,62,1351,1,2019/12/5 16:29,2019/12/11 0:13
281,33,86,1079,1,2019/12/5 16:32,2019/12/5 21:37
282,33,78,1164,1,2019/12/5 16:32,2019/12/5 17:21
283,39,45,1811,1,2019/12/5 16:59,2019/12/5 22:57
284,35,32,1827,1,2019/12/5 17:10,2019/12/6 10:43
285,35,37,1168,1,2019/12/5 17:10,2019/12/6 16:15
286,35,19,1506,1,2019/12/5 17:11,2019/12/6 0:16
287,33,18,1753,1,2019/12/5 17:21,2019/12/6 2:05
288,37,42,1226,1,2019/12/5 18:00,2019/12/6 1:37
289,44,79,1323,1,2019/12/5 18:15,2019/12/6 13:23
290,46,98,1213,3,2019/12/5 18:25,2019/12/13 13:15
291,46,76,1547,3,2019/12/5 18:25,2019/12/13 13:15
292,46,73,1115,3,2019/12/5 18:25,2019/12/13 13:15
293,41,103,1016,1,2019/12/5 19:24,2019/12/5 20:03
294,41,12,1654,1,2019/12/5 19:24,2019/12/5 21:44
295,33,6,1246,1,2019/12/5 21:39,2019/12/6 2:59
296,41,70,921,1,2019/12/5 21:44,2019/12/5 22:30
297,41,101,1347,1,2019/12/5 21:44,2019/12/5 23:21
298,38,66,1330,1,2019/12/5 21:54,2019/12/7 21:08
299,39,93,1364,1,2019/12/5 22:02,2019/12/11 23:34
300,33,56,2052,1,2019/12/5 22:21,2019/12/7 10:06
301,39,105,851,1,2019/12/5 22:57,2019/12/5 23:20
302,39,35,1351,1,2019/12/5 23:20,2019/12/11 11:52
303,41,29,997,1,2019/12/5 23:22,2019/12/6 1:54
304,41,50,907,1,2019/12/5 23:22,2019/12/6 0:58
305,37,71,1181,1,2019/12/5 23:53,2019/12/6 9:20
306,47,88,1337,1,2019/12/5 23:59,2019/12/6 21:52
307,35,47,605,1,2019/12/6 0:16,2019/12/6 17:29
308,37,30,1202,1,2019/12/6 1:38,2019/12/8 15:18
309,37,22,1350,1,2019/12/6 1:38,2019/12/8 16:33
310,41,24,823,1,2019/12/6 1:54,2019/12/6 8:03
311,41,108,913,1,2019/12/6 1:54,2019/12/6 11:41
312,33,41,2423,1,2019/12/6 2:05,2019/12/7 11:04
313,33,44,1672,1,2019/12/6 2:59,2019/12/7 12:03
314,4,9,2189,1,2019/12/6 3:21,2019/12/12 21:56
315,41,65,1809,1,2019/12/6 8:03,2019/12/6 14:34
316,35,5,1361,1,2019/12/6 10:45,2019/12/6 19:03
317,42,31,1864,3,2019/12/6 10:59,2019/12/13 13:15
318,42,13,1439,1,2019/12/6 10:59,2019/12/6 14:02
319,31,34,1163,1,2019/12/6 11:12,2019/12/6 12:24
320,31,64,963,0,2019/12/6 12:24,2019/12/24 16:15
321,48,20,1904,3,2019/12/6 13:18,2019/12/13 13:15
322,48,53,1184,3,2019/12/6 13:19,2019/12/13 13:15
323,48,72,1407,3,2019/12/6 13:19,2019/12/13 13:15
324,44,16,935,1,2019/12/6 13:23,2019/12/11 23:13
325,42,75,1280,3,2019/12/6 14:09,2019/12/13 13:15
326,41,21,1549,1,2019/12/6 14:34,2019/12/6 21:07
327,41,95,988,1,2019/12/6 14:34,2019/12/6 21:59
328,37,91,1144,1,2019/12/6 15:33,2019/12/11 17:29
329,49,3,1340,3,2019/12/6 21:02,2019/12/13 13:15
330,35,33,940,1,2019/12/6 21:35,2019/12/7 11:25
331,47,28,1148,1,2019/12/6 21:42,2019/12/6 22:34
332,47,15,1289,1,2019/12/6 21:46,2019/12/6 23:33
333,41,92,1179,1,2019/12/6 21:59,2019/12/7 0:30
334,41,109,1354,1,2019/12/6 21:59,2019/12/6 23:12
335,47,82,956,1,2019/12/6 23:33,2019/12/7 10:16
336,41,54,1169,1,2019/12/7 0:30,2019/12/7 1:20
337,41,39,1274,1,2019/12/7 0:30,2019/12/7 10:21
339,47,61,1227,1,2019/12/7 10:16,2019/12/7 11:27
340,41,8,1449,1,2019/12/7 10:21,2019/12/7 11:51
341,41,96,1394,1,2019/12/7 10:21,2019/12/7 12:47
342,33,94,1534,3,2019/12/7 11:04,2019/12/13 13:15
343,33,102,1150,1,2019/12/7 11:05,2019/12/7 12:43
344,35,89,1175,1,2019/12/7 11:25,2019/12/7 14:44
345,35,36,1541,1,2019/12/7 11:25,2019/12/7 13:23
346,47,55,1380,1,2019/12/7 11:27,2019/12/8 18:27
347,33,57,2167,3,2019/12/7 12:07,2019/12/13 13:15
348,33,1,1062,1,2019/12/7 12:44,2019/12/7 16:37
349,41,52,1046,1,2019/12/7 12:47,2019/12/7 14:50
350,41,99,1813,1,2019/12/7 12:47,2019/12/7 14:00
351,35,7,1391,1,2019/12/7 13:23,2019/12/13 20:32
352,35,107,1665,1,2019/12/7 14:45,2019/12/11 12:56
353,41,104,1590,1,2019/12/7 14:50,2019/12/7 20:47
354,41,43,768,1,2019/12/7 14:50,2019/12/7 15:30
355,35,69,1034,1,2019/12/7 15:22,2019/12/11 16:14
356,41,4,1461,1,2019/12/7 15:30,2019/12/7 17:04
357,33,40,1397,1,2019/12/7 16:38,2019/12/8 7:59
358,41,80,1288,1,2019/12/7 17:04,2019/12/11 16:00
359,16,63,1665,1,2019/12/7 18:37,2019/12/8 18:50
360,34,85,1164,1,2019/12/7 19:35,2019/12/11 20:59
361,41,81,852,1,2019/12/7 20:48,2019/12/7 22:47
365,12,73,1115,1,2019/12/13 13:40,2019/12/17 16:04
366,54,87,921,3,2019/12/13 14:30,2019/12/18 9:43
367,35,48,716,1,2019/12/13 17:29,2019/12/13 21:09
368,35,88,1337,1,2019/12/13 17:29,2019/12/17 23:45
369,41,45,1811,1,2019/12/13 17:30,2019/12/13 19:54
370,41,3,1340,1,2019/12/13 17:30,2019/12/13 20:56
371,41,93,1364,1,2019/12/13 17:30,2019/12/16 23:10
372,41,53,1184,1,2019/12/13 17:30,2019/12/13 22:26
373,36,66,1330,3,2019/12/13 17:44,2019/12/18 9:43
374,36,41,2423,3,2019/12/13 17:44,2019/12/18 9:43
375,36,27,1468,3,2019/12/13 17:44,2019/12/18 9:43
376,51,94,1534,1,2019/12/13 18:06,2019/12/16 4:59
377,51,76,1547,1,2019/12/13 18:07,2019/12/17 21:15
378,51,77,1596,3,2019/12/13 18:07,2019/12/18 9:43
379,49,47,605,1,2019/12/13 18:34,2019/12/13 19:15
380,49,52,1046,1,2019/12/13 18:34,2019/12/13 21:16
381,49,26,1715,1,2019/12/13 18:34,2019/12/13 23:25
382,47,22,1350,1,2019/12/13 19:00,2019/12/13 22:38
383,47,75,1280,1,2019/12/13 19:00,2019/12/14 9:47
384,47,20,1904,1,2019/12/13 19:00,2019/12/15 11:27
385,49,72,1407,1,2019/12/13 19:15,2019/12/15 15:51
386,35,23,1148,1,2019/12/13 20:32,2019/12/13 23:06
387,41,71,1181,1,2019/12/13 20:56,2019/12/13 21:39
388,35,87,921,1,2019/12/13 21:09,2019/12/14 20:30
389,49,44,1672,1,2019/12/13 21:17,2019/12/15 14:58
390,4,50,907,1,2019/12/13 21:25,2019/12/13 23:05
391,41,25,2748,1,2019/12/13 21:40,2019/12/15 22:22
392,41,31,1864,1,2019/12/13 22:26,2019/12/13 23:59
393,47,63,1665,1,2019/12/13 22:38,2019/12/17 12:02
394,55,15,1289,1,2019/12/13 22:49,2019/12/14 0:41
395,35,98,1213,1,2019/12/13 23:08,2019/12/13 23:57
396,49,90,1541,1,2019/12/13 23:25,2019/12/15 1:29
397,4,101,1347,1,2019/12/13 23:27,2019/12/14 17:26
398,4,28,1148,1,2019/12/13 23:27,2019/12/14 18:51
399,4,8,1449,1,2019/12/13 23:27,2019/12/14 20:31
400,35,57,2167,1,2019/12/13 23:57,2019/12/17 20:45
401,41,48,716,1,2019/12/13 23:59,2019/12/14 1:08
402,44,1,1062,1,2019/12/14 0:11,2019/12/17 16:47
403,44,73,1115,3,2019/12/14 0:11,2019/12/18 9:43
404,55,64,963,1,2019/12/14 0:42,2019/12/14 2:13
405,35,73,1115,1,2019/12/17 23:45,2019/12/18 1:19
406,41,66,1330,3,2019/12/18 10:55,2019/12/18 16:53
407,41,41,2423,3,2019/12/18 10:55,2019/12/18 16:53
408,41,27,1468,3,2019/12/18 10:55,2019/12/18 16:53
409,41,27,1468,3,2019/12/18 10:55,2019/12/18 16:53
410,41,77,1596,3,2019/12/18 10:55,2019/12/18 16:53
411,41,27,1468,3,2019/12/18 10:55,2019/12/18 16:53
412,41,77,1596,3,2019/12/18 10:55,2019/12/18 16:53
413,41,41,2423,3,2019/12/18 10:55,2019/12/18 16:53
414,41,77,1596,3,2019/12/18 10:55,2019/12/18 16:53
415,54,66,1330,1,2019/12/18 17:51,2019/12/18 20:42
416,26,41,2423,1,2019/12/19 16:13,2019/12/29 15:58
417,54,77,1596,1,2019/12/21 14:44,2019/12/21 16:25
421,58,87,921,1,2019/12/24 13:28,2019/12/24 14:36
422,58,27,1468,1,2019/12/24 14:36,2019/12/24 16:00
431,59,77,1596,1,2019/12/25 15:15,2019/12/27 8:39
432,59,63,1665,1,2019/12/27 8:39,2020/1/9 20:12
433,26,61,1227,1,2019/12/29 15:58,2019/12/29 16:36
434,26,69,1034,1,2019/12/29 16:36,2019/12/29 17:53
435,26,86,1079,1,2019/12/29 17:53,2019/12/29 20:01
436,26,32,1827,0,2019/12/29 20:02,2019/12/29 20:02
437,59,43,768,1,2020/1/9 23:25,2020/1/11 11:54
438,59,2,1474,1,2020/1/11 11:54,2020/1/12 22:45
439,59,37,1168,1,2020/1/12 22:46,2020/2/14 12:33
440,59,32,1827,1,2020/2/14 12:33,2020/2/28 12:33
441,60,106,1198,1,2020/4/7 14:50,2020/4/7 17:21
442,60,32,1827,1,2020/4/7 14:50,2020/4/8 11:42
443,60,108,913,1,2020/4/7 14:50,2020/4/8 19:39
444,35,91,1144,1,2020/4/7 14:59,2020/4/7 16:08
445,35,46,1895,1,2020/4/7 15:00,2020/4/9 22:08
446,35,9,2189,1,2020/4/7 15:00,2020/4/10 22:51
447,35,55,1380,1,2020/4/8 0:34,2020/4/8 1:34
448,35,43,768,1,2020/4/8 1:34,2020/4/8 2:07
449,35,83,1753,1,2020/4/8 2:08,2020/4/8 19:28
450,60,47,605,1,2020/4/8 11:42,2020/4/8 15:47
451,60,64,963,1,2020/4/8 11:42,2020/4/8 21:11
452,60,37,1168,1,2020/4/8 11:42,2020/4/9 23:53
453,35,51,1485,1,2020/4/8 19:28,2020/4/9 19:03
454,61,23,1148,1,2020/4/9 12:25,2020/4/10 1:34
455,35,39,1274,1,2020/4/9 19:03,2020/4/10 22:38
456,35,45,1811,1,2020/4/9 22:08,2020/4/10 14:40
457,60,12,1654,1,2020/4/9 23:53,2020/4/10 16:18
458,61,73,1115,1,2020/4/10 1:34,2020/4/28 16:37
459,61,34,1163,1,2020/4/10 1:34,2020/5/9 18:51
460,61,29,997,1,2020/4/10 1:34,2020/5/9 19:45
461,61,78,1164,1,2020/4/10 1:36,2020/5/9 22:21
462,35,15,1289,1,2020/4/10 14:41,2020/4/16 21:22
463,60,5,1361,1,2020/4/10 16:18,2020/4/10 17:36
464,60,48,716,1,2020/4/10 17:36,2020/4/10 18:24
465,60,84,1453,1,2020/4/10 18:24,2020/4/11 14:58
466,35,64,963,1,2020/4/10 22:51,2020/4/20 21:55
467,35,44,1672,1,2020/4/10 22:51,2020/4/11 15:20
468,60,23,1148,1,2020/4/11 14:58,2020/4/11 15:50
469,35,38,889,1,2020/4/11 15:20,2020/4/21 0:49
470,60,98,1213,1,2020/4/11 15:50,2020/4/11 22:32
471,60,56,2052,1,2020/4/11 22:32,2020/4/12 23:15
472,60,90,1541,1,2020/4/12 23:16,2020/4/14 11:19
473,20,80,1288,1,2020/4/13 14:48,2020/4/13 16:24
474,47,36,1541,1,2020/4/13 21:25,2021/2/6 22:26
475,60,14,1228,1,2020/4/13 21:25,2020/4/14 11:18
476,60,26,1715,1,2020/4/14 11:19,2020/4/14 17:14
477,60,24,823,1,2020/4/14 17:14,2020/4/14 20:43
478,60,93,1364,1,2020/4/14 20:43,2020/4/15 11:45
479,60,92,1179,1,2020/4/15 11:45,2020/4/15 14:59
480,60,51,1485,1,2020/4/15 14:59,2020/4/15 23:07
481,60,45,1811,1,2020/4/15 23:08,2020/4/16 10:05
482,60,107,1665,1,2020/4/16 10:05,2020/4/16 16:35
483,35,76,1547,1,2020/4/16 21:22,2020/4/21 22:20
484,60,91,1144,1,2020/4/17 13:21,2020/4/17 23:25
485,62,37,1168,0,2020/4/17 15:00,2020/4/17 15:00
486,60,62,1351,1,2020/4/17 23:25,2020/4/18 16:26
487,60,52,1046,1,2020/4/18 16:26,2020/4/18 17:05
488,60,10,1347,1,2020/4/18 17:05,2020/4/18 17:45
489,60,74,1704,1,2020/4/18 17:45,2020/4/18 19:15
490,62,51,1485,1,2020/4/18 18:47,2020/5/24 15:54
491,62,28,1148,1,2020/4/18 18:47,2020/5/3 0:00
492,62,44,1672,0,2020/4/18 18:47,2020/4/18 18:47
493,62,67,1549,0,2020/4/18 18:47,2020/4/18 18:47
494,62,69,1034,1,2020/4/18 18:47,2020/4/19 17:35
495,60,78,1164,1,2020/4/18 19:16,2020/4/18 20:14
496,60,104,1590,1,2020/4/18 20:14,2020/4/20 10:40
497,60,69,1034,1,2020/4/20 10:40,2020/4/20 11:13
498,60,63,1665,1,2020/4/20 11:13,2020/4/20 22:10
499,35,95,988,1,2020/4/20 21:56,2020/4/27 13:43
500,60,11,2264,1,2020/4/20 22:11,2020/4/21 17:48
501,35,3,1340,0,2020/4/21 0:50,2020/4/21 0:50
502,60,7,1391,1,2020/4/21 17:48,2020/4/21 22:52
503,35,104,1590,1,2020/4/21 22:21,2020/4/28 23:14
504,60,44,1672,1,2020/4/21 22:52,2020/4/22 11:26
505,60,36,1541,1,2020/4/22 11:26,2020/4/22 13:50
506,60,43,768,1,2020/4/22 11:45,2020/4/22 16:59
507,60,75,1280,1,2020/4/22 16:59,2020/4/23 12:05
508,60,79,1323,1,2020/4/23 12:05,2020/4/23 14:21
509,60,8,1449,1,2020/4/23 14:23,2020/4/23 15:29
510,60,30,1202,1,2020/4/23 15:30,2020/4/24 16:22
511,60,101,1347,1,2020/4/24 16:23,2020/4/25 8:45
512,60,72,1407,1,2020/4/25 8:46,2020/4/25 9:46
513,60,88,1337,1,2020/4/25 9:46,2020/4/25 22:48
514,60,76,1547,1,2020/4/25 22:49,2020/4/26 15:20
515,60,70,921,1,2020/4/25 22:49,2020/4/26 10:55
516,60,3,1340,1,2020/4/26 10:59,2020/4/26 14:04
517,60,103,1016,1,2020/4/26 15:20,2020/4/26 16:49
518,60,99,1813,1,2020/4/26 16:50,2020/4/26 22:13
519,60,80,1288,1,2020/4/26 22:13,2020/4/27 10:17
520,60,109,1354,1,2020/4/27 10:17,2020/4/27 16:36
521,35,29,997,0,2020/4/27 14:24,2020/4/27 14:24
522,60,29,997,1,2020/4/27 16:42,2020/4/27 22:37
523,60,4,1461,1,2020/4/28 16:08,2020/5/2 13:35
524,61,100,1458,1,2020/4/28 16:37,2020/5/10 20:16
525,35,80,1288,0,2020/4/28 23:14,2020/4/28 23:14
526,60,66,1330,1,2020/5/2 13:35,2020/5/2 22:32
527,60,82,956,1,2020/5/2 22:33,2020/5/2 22:59
528,60,28,1148,1,2020/5/3 10:34,2020/5/4 16:32
529,60,85,1164,1,2020/5/4 16:32,2020/5/6 14:34
530,63,51,1485,1,2020/5/5 17:21,2020/5/8 21:39
531,60,35,1351,1,2020/5/6 14:34,2020/5/7 11:00
532,63,91,1144,1,2020/5/6 23:30,2020/5/9 14:16
533,63,36,1541,1,2020/5/6 23:30,2020/5/8 23:20
534,63,38,889,1,2020/5/6 23:30,2020/5/9 0:46
535,63,4,1461,1,2020/5/6 23:30,2020/5/9 18:38
536,60,57,2167,1,2020/5/8 16:44,2020/5/9 21:55
537,20,10,1347,1,2020/5/8 19:11,2020/5/9 1:27
538,63,63,1665,1,2020/5/9 1:03,2020/5/9 22:49
539,60,54,1169,1,2020/5/9 21:57,2020/5/10 21:57
540,63,56,2052,1,2020/5/10 1:40,2020/5/10 19:06
541,20,46,1895,0,2020/5/10 9:29,2020/5/10 9:29
542,61,108,913,1,2020/5/10 20:16,2020/5/14 23:38
543,61,11,2264,0,2020/5/10 20:16,2020/5/10 20:16
544,61,60,1065,0,2020/5/10 20:16,2020/5/10 20:16
545,60,33,940,1,2020/5/10 21:57,2020/5/16 16:50
546,63,40,1397,1,2020/5/11 2:10,2020/5/12 1:32
547,63,81,852,1,2020/5/11 19:55,2020/5/11 22:07
548,63,103,1016,1,2020/5/12 1:33,2020/5/12 23:04
549,63,34,1163,1,2020/5/12 1:34,2020/5/12 21:26
550,63,19,1506,1,2020/5/12 20:36,2020/5/13 20:30
551,63,33,940,1,2020/5/12 23:04,2020/5/13 23:45
552,63,65,1809,1,2020/5/12 23:05,2020/5/13 22:09
553,63,97,1000,1,2020/5/13 22:10,2020/5/14 18:18
554,63,98,1213,1,2020/5/13 23:45,2020/5/14 14:03
555,63,80,1288,1,2020/5/14 18:18,2020/5/14 23:36
556,63,107,1665,1,2020/5/14 18:21,2020/5/15 4:57
557,63,88,1337,1,2020/5/14 23:36,2020/5/15 23:13
558,63,71,1181,1,2020/5/15 4:58,2020/5/16 0:25
559,63,75,1280,1,2020/5/15 23:14,2020/5/16 1:42
560,63,70,921,1,2020/5/16 0:25,2020/5/16 14:59
561,63,68,1437,1,2020/5/16 2:12,2020/5/16 18:49
562,63,27,1468,1,2020/5/16 15:00,2020/5/17 0:53
563,60,60,1065,1,2020/5/16 16:51,2020/5/16 17:22
564,60,58,2245,1,2020/5/16 17:22,2020/5/22 9:36
565,63,24,823,1,2020/5/16 18:50,2020/5/16 19:48
566,63,17,869,1,2020/5/17 20:35,2020/5/18 1:49
567,63,9,2189,1,2020/5/18 1:50,2020/5/19 15:01
568,63,59,710,1,2020/5/19 15:01,2020/5/19 17:10
569,63,52,1046,1,2020/5/19 17:10,2020/5/19 19:06
570,63,21,1549,1,2020/5/19 19:07,2020/5/19 21:21
571,63,90,1541,1,2020/5/19 21:21,2020/5/20 4:06
572,63,82,956,1,2020/5/20 4:06,2020/5/20 5:07
573,63,32,1827,1,2020/5/20 17:27,2020/5/20 23:28
574,63,79,1323,1,2020/5/20 23:32,2020/5/21 20:25
575,63,31,1864,1,2020/5/21 20:26,2020/5/22 13:28
576,63,78,1164,1,2020/5/21 23:57,2020/5/22 7:54
577,63,87,921,1,2020/5/21 23:57,2020/5/22 2:30
578,63,2,1474,1,2020/5/22 7:56,2020/5/22 21:58
579,60,71,1181,1,2020/5/22 9:37,2020/5/22 10:15
580,60,17,869,1,2020/5/22 10:16,2020/5/22 10:53
581,60,77,1596,1,2020/5/22 10:54,2020/5/22 16:18
582,63,10,1347,1,2020/5/22 13:29,2020/5/22 21:00
583,60,16,935,1,2020/5/22 16:18,2020/5/24 12:14
584,63,18,1753,1,2020/5/22 21:59,2020/5/24 1:06
585,63,23,1148,1,2020/5/22 22:33,2020/5/22 23:22
586,63,25,2748,1,2020/5/22 22:33,2020/5/23 18:54
587,63,37,1168,1,2020/5/24 1:07,2020/5/24 2:39
588,60,27,1468,1,2020/5/24 12:15,2020/5/24 22:04
589,63,39,1274,1,2020/5/24 12:59,2020/5/24 17:18
590,63,104,1590,1,2020/5/24 21:32,2020/5/25 0:15
591,60,65,1809,1,2020/5/24 22:04,2020/5/28 11:32
592,63,53,1184,1,2020/5/25 1:25,2020/5/25 16:13
593,63,16,935,1,2020/5/25 21:13,2020/6/8 15:38
594,63,95,988,1,2020/5/25 22:38,2020/6/8 15:39
595,63,86,1079,1,2020/5/27 23:31,2020/6/8 15:40
596,63,1,1062,1,2020/5/27 23:31,2020/6/8 15:40
597,60,13,1439,1,2020/5/28 11:33,2020/5/29 11:01
598,63,14,1228,1,2020/5/28 14:20,2020/6/8 15:43
599,63,28,1148,1,2020/5/28 19:07,2020/6/8 15:44
600,63,105,851,1,2020/5/28 22:55,2020/6/8 15:29
601,63,41,2423,1,2020/5/28 23:33,2020/6/8 15:30
602,63,67,1549,1,2020/5/29 19:59,2020/6/8 15:30
603,63,73,1115,1,2020/5/30 12:45,2020/6/8 15:31
604,63,13,1439,1,2020/5/30 13:55,2020/6/8 15:31
605,8,22,1350,0,2020/5/31 0:44,2020/5/31 0:44
606,8,50,907,0,2020/5/31 0:48,2020/5/31 0:48
607,8,49,1376,0,2020/5/31 0:49,2020/5/31 0:49
608,63,49,1376,1,2020/5/31 1:51,2020/6/8 15:31
609,63,42,1226,1,2020/5/31 1:53,2020/6/8 15:32
610,63,102,1150,1,2020/5/31 14:39,2020/6/8 15:32
611,63,50,907,1,2020/5/31 17:14,2020/6/8 15:32
612,63,89,1175,1,2020/5/31 19:26,2020/6/8 15:33
613,63,96,1394,1,2020/6/1 12:42,2020/6/8 15:33
614,63,22,1350,1,2020/6/2 14:05,2020/6/8 15:34
615,63,6,1246,1,2020/6/2 23:54,2020/6/8 15:34
616,63,20,1904,1,2020/6/3 13:43,2020/6/8 15:35
617,63,94,1534,1,2020/6/4 0:33,2020/6/8 15:35
618,63,58,2245,1,2020/6/4 1:14,2020/6/8 15:35
619,63,84,1453,1,2020/6/4 23:42,2020/6/8 15:36
620,63,74,1704,1,2020/6/4 23:42,2020/6/8 15:36
621,63,100,1458,1,2020/6/5 3:15,2020/6/8 15:37
622,63,47,605,1,2020/6/5 3:16,2020/6/8 15:37
623,63,7,1391,1,2020/6/5 15:38,2020/6/8 15:38
624,63,3,1340,1,2020/6/6 13:25,2020/6/8 15:39
625,63,85,1164,1,2020/6/6 15:06,2020/6/8 15:40
626,63,109,1354,1,2020/6/7 1:41,2020/6/8 15:41
627,63,12,1654,1,2020/6/7 13:56,2020/6/8 15:44
628,63,26,1715,1,2020/6/7 22:49,2020/6/8 17:01
629,62,102,1150,1,2021/2/1 16:20,2021/2/3 19:35
630,62,8,1449,0,2021/2/1 16:27,2021/2/1 16:27
631,62,62,1351,0,2021/2/3 19:36,2021/2/3 19:36
632,62,97,1000,0,2021/2/3 19:37,2021/2/3 19:37
633,62,94,1534,1,2021/2/3 19:37,2021/2/15 3:45
634,47,50,907,1,2021/2/4 10:26,2021/2/6 23:25
635,47,30,1202,1,2021/2/6 22:27,2021/2/7 16:40
636,47,83,1753,1,2021/2/6 22:27,2021/2/7 17:51
637,47,101,1347,1,2021/2/6 22:27,2021/2/7 22:25
638,47,94,1534,1,2021/2/7 22:26,2021/2/11 17:01
639,4,62,1351,1,2021/2/9 15:27,2021/2/9 16:25
640,4,61,1227,1,2021/2/9 16:39,2021/2/9 17:35
641,4,55,1380,1,2021/2/9 17:36,2021/2/9 19:32
642,63,99,1813,1,2021/2/9 19:55,2021/2/19 13:34
643,63,15,1289,1,2021/2/9 19:55,2021/2/19 13:35
644,63,54,1169,1,2021/2/10 0:57,2021/2/19 13:35
645,63,46,1895,1,2021/2/10 0:58,2021/2/19 13:36
646,4,15,1289,1,2021/2/10 14:47,2021/2/10 16:15
647,63,72,1407,1,2021/2/10 15:17,2021/2/19 13:36
648,4,19,1506,1,2021/2/10 16:18,2021/2/11 15:51
649,63,106,1198,1,2021/2/10 22:11,2021/2/19 13:37
650,63,66,1330,1,2021/2/10 23:34,2021/2/19 13:37
651,63,11,2264,1,2021/2/11 0:47,2021/2/19 13:38
652,4,59,710,1,2021/2/11 15:51,2021/2/11 17:33
653,47,59,710,1,2021/2/11 17:01,2021/2/11 21:45
654,47,41,2423,1,2021/2/11 17:07,2021/2/16 20:47
655,47,1,1062,1,2021/2/11 17:07,2021/2/17 22:37
656,47,89,1175,1,2021/2/11 17:07,2021/2/19 13:42
657,47,60,1065,1,2021/2/11 17:07,2021/2/20 11:16
658,4,48,716,1,2021/2/11 17:38,2021/2/11 18:24
659,4,1,1062,1,2021/2/11 18:30,2021/2/12 14:53
660,63,60,1065,1,2021/2/11 18:49,2021/2/19 13:38
661,63,57,2167,1,2021/2/11 21:36,2021/2/19 13:39
662,63,93,1364,1,2021/2/12 14:07,2021/2/19 13:39
663,4,22,1350,1,2021/2/12 14:55,2021/2/12 17:43
664,63,35,1351,1,2021/2/12 15:19,2021/2/19 13:40
665,4,96,1394,1,2021/2/12 17:44,2021/2/12 19:23
666,63,8,1449,1,2021/2/12 17:54,2021/2/19 13:40
667,4,60,1065,1,2021/2/12 19:24,2021/2/13 20:31
668,63,5,1361,1,2021/2/13 18:55,2021/2/19 13:41
669,4,54,1169,1,2021/2/13 20:31,2021/2/13 21:20
670,4,93,1364,1,2021/2/13 21:20,2021/2/14 16:50
671,63,83,1753,1,2021/2/13 22:07,2021/2/21 20:07
672,63,55,1380,1,2021/2/13 22:08,2021/2/19 13:42
673,63,48,716,1,2021/2/14 0:14,2021/2/19 13:43
674,63,101,1347,1,2021/2/14 1:24,2021/2/19 13:43
675,63,92,1179,1,2021/2/14 14:58,2021/2/19 13:44
676,4,72,1407,1,2021/2/14 16:50,2021/2/14 18:06
677,4,67,1549,1,2021/2/14 18:07,2021/2/15 15:32
678,63,62,1351,1,2021/2/14 18:35,2021/2/19 13:44
679,63,61,1227,1,2021/2/15 0:15,2021/2/19 13:45
680,63,30,1202,1,2021/2/15 1:23,2021/2/19 13:46
681,62,31,1864,0,2021/2/15 3:45,2021/2/15 3:45
682,62,87,921,1,2021/2/15 3:45,2021/2/16 3:29
683,4,41,2423,1,2021/2/15 15:32,2021/2/15 17:54
684,4,81,852,1,2021/2/15 16:17,2021/2/15 18:26
685,4,6,1246,1,2021/2/15 18:27,2021/2/16 15:25
686,63,29,997,1,2021/2/15 22:29,2021/2/19 13:46
687,4,46,1895,1,2021/2/16 15:25,2021/2/16 17:37
688,4,105,851,1,2021/2/16 17:40,2021/2/16 18:59
689,4,99,1813,1,2021/2/16 19:00,2021/2/17 14:55
690,63,45,1811,1,2021/2/17 0:03,2021/2/19 13:47
691,4,89,1175,1,2021/2/17 14:56,2021/2/17 15:44
692,4,20,1904,1,2021/2/17 15:46,2021/2/17 17:46
693,4,11,2264,1,2021/2/17 17:46,2021/2/18 15:34
694,63,77,1596,1,2021/2/17 21:42,2021/2/19 13:47
695,4,66,1330,1,2021/2/18 15:35,2021/2/18 16:42
696,63,44,1672,1,2021/2/18 16:21,2021/2/19 13:48
697,4,25,2748,1,2021/2/18 16:42,2021/2/18 18:59
698,4,97,1000,1,2021/2/18 19:00,2021/2/19 14:07
699,63,76,1547,1,2021/2/18 23:40,2021/2/21 20:08
700,4,42,1226,1,2021/2/19 14:07,2021/2/19 14:49
701,4,68,1437,1,2021/2/19 14:59,2021/2/19 16:01
702,4,31,1864,1,2021/2/19 16:01,2021/2/19 17:25
703,4,64,963,1,2021/2/19 17:25,2021/2/19 18:08
704,63,108,913,1,2021/2/19 19:04,2021/2/21 20:09
705,63,64,963,1,2021/2/19 22:08,2021/2/21 20:10
706,47,18,1753,1,2021/2/20 11:16,2021/2/20 12:36
707,47,40,1397,1,2021/2/20 11:16,2021/3/4 17:34
708,47,49,1376,0,2021/2/20 11:16,2021/2/20 11:16
709,47,53,1184,0,2021/2/20 11:16,2021/2/20 11:16
710,47,21,1549,0,2021/2/20 11:16,2021/2/20 11:16
711,4,70,921,1,2021/2/20 13:52,2021/2/20 14:27
712,4,34,1163,1,2021/2/20 14:28,2021/2/20 15:11
713,4,17,869,1,2021/2/20 15:12,2021/2/20 16:08
714,4,86,1079,1,2021/2/20 16:08,2021/2/20 16:50
715,4,71,1181,1,2021/2/20 16:09,2021/2/20 21:34
716,4,83,1753,1,2021/2/20 21:48,2021/2/21 14:45
717,63,69,1034,1,2021/2/20 21:49,2021/2/21 20:10
718,63,43,768,1,2021/2/20 23:22,2021/2/21 20:11
719,62,21,1549,0,2021/2/21 0:10,2021/2/21 0:10
720,62,40,1397,0,2021/2/21 0:10,2021/2/21 0:10
721,4,24,823,1,2021/2/21 14:46,2021/2/21 15:19
722,4,109,1354,1,2021/2/21 15:19,2021/2/21 16:11
723,4,107,1665,1,2021/2/21 16:16,2021/2/21 17:25
724,4,74,1704,1,2021/2/21 17:26,2021/2/21 18:19
725,4,33,940,1,2021/2/21 18:20,2021/2/22 13:07
726,4,14,1228,1,2021/2/22 13:07,2021/2/22 14:06
727,4,39,1274,1,2021/2/22 14:06,2021/2/22 14:59
728,4,90,1541,1,2021/2/22 14:59,2021/2/22 15:45
729,4,58,2245,1,2021/2/22 15:45,2021/2/22 17:23
730,4,26,1715,1,2021/2/22 17:27,2021/2/22 23:59
731,4,87,921,1,2021/2/23 0:00,2021/2/23 15:06
732,4,100,1458,1,2021/2/23 15:07,2021/2/23 15:53
733,4,35,1351,1,2021/2/23 15:53,2021/2/23 16:38
734,4,5,1361,1,2021/2/23 16:39,2021/2/23 17:27
735,4,84,1453,1,2021/2/23 17:30,2021/2/23 18:27
736,4,95,988,1,2021/2/23 18:28,2021/2/24 17:11
737,4,88,1337,1,2021/2/24 17:11,2021/2/24 17:52
738,4,98,1213,1,2021/2/24 17:12,2021/2/24 19:08
739,4,52,1046,1,2021/2/24 19:09,2021/2/24 19:41
740,4,56,2052,1,2021/2/24 19:42,2021/2/26 22:03
741,4,73,1115,1,2021/2/26 22:04,2021/3/4 17:17
742,4,65,1809,1,2021/3/4 17:19,2021/3/4 18:19
743,4,75,1280,1,2021/3/4 18:20,2021/3/5 14:48
744,4,47,605,1,2021/3/5 14:49,2021/3/5 15:14
745,4,102,1150,1,2021/3/5 14:49,2021/3/5 15:49
746,4,12,1654,1,2021/3/5 15:51,2021/3/5 17:12
747,4,4,1461,1,2021/3/5 17:13,2021/3/6 15:21
748,4,7,1391,1,2021/3/6 15:21,2021/3/6 16:08
749,4,85,1164,1,2021/3/6 16:09,2021/3/6 16:54
750,4,16,935,1,2021/3/6 16:55,2021/3/6 17:45
751,4,38,889,1,2021/3/6 17:46,2021/3/6 18:22
752,4,82,956,1,2021/3/6 18:26,2021/3/9 14:42
753,4,13,1439,1,2021/3/9 14:43,2021/3/9 15:31
754,4,30,1202,1,2021/3/9 15:31,2021/3/9 16:30
755,4,23,1148,1,2021/3/9 16:37,2021/3/9 17:21
756,4,29,997,1,2021/3/9 17:22,2021/3/9 18:03
757,4,37,1168,1,2021/3/9 18:03,2021/3/12 14:57
758,4,108,913,1,2021/3/12 14:58,2021/3/12 16:00
759,4,45,1811,1,2021/3/12 16:01,2021/3/12 17:01
760,4,2,1474,1,2021/3/12 17:02,2021/3/12 17:47
761,4,104,1590,1,2021/3/12 17:47,2021/3/12 19:52
762,4,78,1164,1,2021/3/14 17:06,2021/3/14 18:26
763,4,44,1672,1,2021/3/14 18:27,2021/3/14 20:10
764,4,94,1534,1,2021/3/14 20:13,2021/3/14 21:35
765,4,77,1596,1,2021/3/15 13:51,2021/3/15 14:56
766,4,36,1541,1,2021/3/15 14:56,2021/3/15 15:57
767,4,80,1288,1,2021/3/15 15:57,2021/3/15 16:41
768,4,103,1016,1,2021/3/15 16:42,2021/3/15 17:14
769,4,91,1144,1,2021/3/15 17:15,2021/3/15 17:55
770,4,63,1665,1,2021/3/15 17:58,2021/3/15 19:05
771,4,69,1034,1,2021/3/15 19:09,2021/3/15 20:12
772,4,51,1485,1,2021/3/15 20:26,2021/3/15 21:26
773,4,43,768,1,2021/3/15 21:29,2021/3/18 21:53
774,4,10,1347,1,2021/3/15 21:29,2021/3/19 20:06
